-- phpMyAdmin SQL Dump
-- version 5.2.0
-- https://www.phpmyadmin.net/
--
-- Máy chủ: 127.0.0.1
-- Thời gian đã tạo: Th2 07, 2023 lúc 12:52 PM
-- Phiên bản máy phục vụ: 10.4.27-MariaDB
-- Phiên bản PHP: 7.4.33

SET SQL_MODE = "NO_AUTO_VALUE_ON_ZERO";
START TRANSACTION;
SET time_zone = "+00:00";


/*!40101 SET @OLD_CHARACTER_SET_CLIENT=@@CHARACTER_SET_CLIENT */;
/*!40101 SET @OLD_CHARACTER_SET_RESULTS=@@CHARACTER_SET_RESULTS */;
/*!40101 SET @OLD_COLLATION_CONNECTION=@@COLLATION_CONNECTION */;
/*!40101 SET NAMES utf8mb4 */;

--
-- Cơ sở dữ liệu: `car_demo`
--

-- --------------------------------------------------------

--
-- Cấu trúc bảng cho bảng `car`
--

CREATE TABLE `car` (
  `id` int(11) NOT NULL,
  `make` varchar(255) NOT NULL,
  `model` varchar(255) NOT NULL,
  `travelled_distance` bigint(20) NOT NULL
) ENGINE=InnoDB DEFAULT CHARSET=utf8mb4 COLLATE=utf8mb4_unicode_ci;

--
-- Đang đổ dữ liệu cho bảng `car`
--

INSERT INTO `car` (`id`, `make`, `model`, `travelled_distance`) VALUES
(1, 'Opel', 'Omega', 2147483647),
(2, 'Opel', 'Astra', 9223372036854775807),
(3, 'Opel', 'Astra', 922337203685807),
(4, 'Opel', 'Corsa', 214747),
(5, 'Opel', 'Kadet', 21474847),
(6, 'Opel', 'Vectra', 9223372854775807),
(7, 'Opel', 'Insignia', 2147483647),
(8, 'Opel', 'Astra', 922336854775807),
(9, 'Opel', 'Corsa', 21474847),
(10, 'Opel', 'Omega', 2147483647),
(11, 'Opel', 'Insignia', 9223372036854775807),
(12, 'Opel', 'Vectra', 2147483647),
(13, 'Opel', 'Astra', 2147483647),
(14, 'Opel', 'Omega', 2147483647),
(15, 'Opel', 'Corsa', 2147483647),
(16, 'Opel', 'Insignia', 9223372036854775807),
(17, 'Opel', 'Omega', 9223336854775807),
(18, 'Opel', 'Corsa', 2),
(19, 'Opel', 'Omega', 1),
(20, 'BMW', 'F20', 2147483647),
(21, 'BMW', 'F25', 9223372036854775807),
(22, 'BMW', 'M5 F10', 10),
(23, 'BMW', 'F04', 100000),
(24, 'BMW', 'E88', 200000),
(25, 'BMW', 'M Roadster E85', 92233720365807),
(26, 'BMW', '1M Coupe', 2147),
(27, 'BMW', 'X6 M', 922775807),
(28, 'BMW', 'E67', 21447),
(29, 'BMW', 'M6 E63', 92235807),
(30, 'BMW', 'M6 E63', 2147),
(31, 'BMW', 'F20', 21447),
(32, 'BMW', 'F04', 2143647),
(33, 'BMW', 'M5 F10', 27483647),
(34, 'BMW', 'X6 M', 2036854775807),
(35, 'BMW', 'F20', 83647),
(36, 'BMW', 'X6 M', 483647),
(37, 'BMW', 'F04', 483647),
(38, 'BMW', 'F20', 975807),
(39, 'BMW', 'M6 E63', 214747),
(40, 'Fiat', 'Panda', 92233854775807),
(41, 'Fiat', 'Panda 4x4 Antarctica', 214747),
(42, 'Fiat', '500 (2007) Abarth 695 Tributo Maserati', 214747),
(43, 'Fiat', 'Panda 4x4 Antarctica', 2183647),
(44, 'Fiat', 'Panda 4x4', 2147447),
(45, 'Fiat', 'Panda', 21447),
(46, 'Fiat', 'Freemont', 214647),
(47, 'Fiat', '500L', 21474847),
(48, 'Fiat', 'Panda', 21474837),
(49, 'Fiat', 'Freemont', 92233685477),
(50, 'Fiat', 'Panda 4x4', 92233736854775807),
(51, 'Fiat', 'Panda 4x4 Antarctica', 21483647),
(52, 'Fiat', '500L', 2147647),
(53, 'Fiat', '500L', 92233754775807),
(54, 'Fiat', '500 (2007) Abarth 695 Tributo Maserati', 922337205807),
(55, 'Fiat', 'Panda', 2147487),
(56, 'Fiat', '500L', 922337204775807),
(57, 'Fiat', 'Freemont', 21473647),
(58, 'Fiat', 'Panda 4x4', 922036854775807),
(59, 'Fiat', '500 (2007) Abarth 695 Tributo Maserati', 92236854775807),
(60, 'Fiat', 'Freemont', 2147647),
(61, 'Fiat', '500L', 922337203675807),
(62, 'Mercedes', 'A 140', 92233754775807),
(63, 'Mercedes', 'W212', 2147647),
(64, 'Mercedes', 'A 160', 9223372036),
(65, 'Mercedes', 'A 160 CDI', 4775807),
(66, 'Mercedes', 'W212', 54775807),
(67, 'Mercedes', 'W202', 92233754775807),
(68, 'Mercedes', 'W211', 47757),
(69, 'Mercedes', 'A 170 CDI', 9223775807),
(70, 'Mercedes', 'W212', 927254775807),
(71, 'Mercedes', 'W124', 922336854775807),
(72, 'Mercedes', 'W210', 9223372036854775807),
(73, 'Mercedes', 'W202', 2147647),
(74, 'Mercedes', 'W211', 922775807),
(75, 'Mercedes', 'W212', 2183647),
(76, 'Mercedes', 'W203', 5807),
(77, 'Mercedes', 'W211', 92775807),
(78, 'Mercedes', 'W210', 2147483647),
(79, 'Mercedes', 'W204', 9285807),
(80, 'Mercedes', 'W124', 2147647),
(81, 'Mercedes', 'W212', 927),
(82, 'Ford', 'Fiesta', 922807),
(83, 'Ford', 'Pinto', 9854775807),
(84, 'Ford', 'Torino', 2147),
(85, 'Ford', 'Fiesta', 214647),
(86, 'Ford', 'Pinto', 922337807),
(87, 'Ford', 'Taurus', 21473647),
(88, 'Ford', 'Fiesta', 2143647),
(89, 'Ford', 'Torino', 922337807),
(90, 'Ford', 'Pinto', 922337203),
(91, 'Ford', 'GT40', 92233775807),
(92, 'Ford', 'Pinto', 9223807),
(93, 'Ford', 'GT40', 9223377),
(94, 'Ford', 'Fiesta', 922337775807),
(95, 'Ford', 'Torino', 217),
(96, 'Ford', 'Fiesta', 922375807),
(97, 'Ford', 'Pinto', 214647),
(98, 'Ford', 'Taurus', 9223375807),
(99, 'Ford', 'Fiesta', 214647),
(100, 'Ford', 'Torino', 21474647),
(101, 'Ford', 'Ranger', 9223372007),
(102, 'Ford', 'Pinto', 2147647),
(103, 'Ford', 'Ranger', 92233775807),
(104, 'Toyota', 'Prius', 9223372037),
(105, 'Toyota', 'Tacoma', 96854775807),
(106, 'Toyota', 'Prius', 214747),
(107, 'Toyota', 'Tacoma', 94775807),
(108, 'Toyota', 'Prius', 922337207),
(109, 'Toyota', 'Corolla', 9223854775807),
(110, 'Toyota', 'Yaris', 21477),
(111, 'Toyota', 'Prius', 922337203685),
(112, 'Toyota', 'Camry Hybrid', 92275807),
(113, 'Toyota', 'Corolla', 92235807),
(114, 'Toyota', 'Prius', 21477),
(115, 'Toyota', 'Corolla', 9223807),
(116, 'Toyota', 'Tacoma', 9225807),
(117, 'Toyota', 'Camry Hybrid', 954775807),
(118, 'Toyota', 'Prius', 925807),
(119, 'Toyota', 'Tacoma', 922337807),
(120, 'Toyota', 'Corolla', 2147),
(121, 'Toyota', 'Prius', 21477),
(122, 'Toyota', 'Corolla', 975807),
(123, 'Toyota', 'Yaris', 94775807),
(124, 'Toyota', 'Corolla', 21477),
(125, 'Toyota', 'Prius', 283647),
(126, 'Toyota', 'Tacoma', 927),
(127, 'Toyota', 'Yaris', 9207),
(128, 'Toyota', 'Prius', 92233775807),
(129, 'Toyota', 'Tacoma', 247),
(130, 'Toyota', 'Prius', 9223354775807),
(131, 'Toyota', 'Yaris', 21477),
(132, 'Toyota', 'Prius', 92233775807),
(133, 'Toyota', 'Tacoma', 2147),
(134, 'Toyota', 'Camry Hybrid', 2143647),
(135, 'Toyota', 'Prius', 922337807),
(136, 'Toyota', 'Camry Hybrid', 214647),
(137, 'Toyota', 'Prius', 922335807),
(138, 'Toyota', 'Tacoma', 21474647),
(139, 'Toyota', 'Camry Hybrid', 214647),
(140, 'Nissan', 'GT-R', 21473647),
(141, 'Nissan', 'Altima', 9223372775807),
(142, 'Nissan', 'GT-R', 2147647),
(143, 'Nissan', '370Z', 2143647),
(144, 'Nissan', 'GT-R', 21477),
(145, 'Nissan', 'Altima', 9224775807),
(146, 'Nissan', 'GT-R', 23647),
(147, 'Nissan', '370Z', 922775807),
(148, 'Nissan', '370Z', 21477),
(149, 'Nissan', 'Altima', 2147),
(150, 'Nissan', '370Z', 21447),
(151, 'Nissan', 'Altima', 92233707),
(152, 'Nissan', 'GT-R', 954775807),
(153, 'Nissan', 'Altima', 214647),
(154, 'Nissan', '370Z', 922337205807),
(155, 'Nissan', 'GT-R', 96854775807),
(156, 'Nissan', 'Versa', 9223775807),
(157, 'Nissan', 'Altima', 2147447),
(158, 'Nissan', '370Z', 922307),
(159, 'Nissan', 'GT-R', 2147447),
(160, 'Nissan', 'Rogue', 9223807),
(161, 'Nissan', 'Altima', 213647),
(162, 'Nissan', 'GT-R', 2143647),
(163, 'Nissan', 'Altima', 214747),
(164, 'Nissan', 'Rogue', 214647),
(165, 'Nissan', 'GT-R', 2147483647),
(166, 'Nissan', 'Altima', 2147483647),
(167, 'Nissan', 'Versa', 2143647),
(168, 'Nissan', 'GT-R', 2143647),
(169, 'Nissan', 'Versa', 922775807),
(170, 'Great Wall', 'H2', 9236854775807),
(171, 'Great Wall', 'Haval M4', 213647),
(172, 'Great Wall', 'H2', 21647),
(173, 'Great Wall', 'H8', 21447),
(174, 'Great Wall', 'Steed 3', 922336854775807),
(175, 'Great Wall', 'Wingle 5', 214747),
(176, 'Great Wall', 'Haval M4', 9223372035807),
(177, 'Great Wall', 'Haval H6', 214747),
(178, 'Renault', 'Alaskan', 2647),
(179, 'Renault', 'Clio IV', 2147483647),
(180, 'Renault', 'Duster', 2147483647),
(181, 'Renault', 'Alaskan', 92807),
(182, 'Renault', 'Alaskan', 2147483647),
(183, 'Renault', 'Duster', 922337203685807),
(184, 'Renault', 'Alaskan', 2147483647),
(185, 'Renault', 'Clio IV', 92234775807),
(186, 'Renault', 'Duster', 922337203685807),
(187, 'Renault', 'Alaskan', 92233720375807),
(188, 'Renault', 'Captur', 9223807),
(189, 'Renault', 'Alaskan', 21447),
(190, 'Renault', 'Espace', 9223375807),
(191, 'Renault', 'Alaskan', 2147483647),
(192, 'Renault', 'Captur', 92233724775807),
(193, 'Renault', 'Espace', 2147487),
(194, 'Chevy', 'Camaro', 92233854775807),
(195, 'Chevy', 'Caprice', 2147647),
(196, 'Chevy', 'Camaro', 922335807),
(197, 'Chevy', 'Caprice', 2143647),
(198, 'Chevy', 'Malibu', 92233854775807),
(199, 'Chevy', 'Camaro', 283647),
(200, 'Chevy', 'Impala', 214747),
(201, 'Chevy', 'Malibu', 922337775807),
(202, 'Chevy', 'Impala', 214748347),
(203, 'Chevy', 'Camaro', 21473647),
(204, 'Chevy', 'Camaro', 2147483647),
(205, 'Chevy', 'Corvette', 92233720375807),
(206, 'Chevy', 'Cruze', 92775807),
(207, 'Chevy', 'Corvette', 21474847),
(208, 'Chevy', 'Camaro', 2147487),
(209, 'Chevy', 'Caprice', 2147483647),
(210, 'Chevy', 'Cruze', 9223372034775807),
(211, 'Chevy', 'Caprice', 9223372034775807),
(212, 'Chevy', 'Matiz', 922337203685807),
(213, 'Rolls-Royce', 'Phantom', 2147483647),
(214, 'Rolls-Royce', 'Phantom Drophead Coupé', 92233775807),
(215, 'Rolls-Royce', 'Phantom', 214647),
(216, 'Rolls-Royce', 'Ghost', 21473647),
(217, 'Rolls-Royce', 'Dawn', 214647),
(218, 'Rolls-Royce', 'Phantom', 922337254775807),
(219, 'Rolls-Royce', 'Ghost', 214747),
(220, 'Rolls-Royce', 'Wraith', 2147483647),
(221, 'Rolls-Royce', 'Phantom Drophead Coupé', 922336854775807),
(222, 'Rolls-Royce', 'Wraith', 21647),
(223, 'Rolls-Royce', 'Phantom Drophead Coupé', 9223372075807),
(224, 'Lamborghini', 'Gallardo', 92234775807),
(225, 'Lamborghini', 'Murciélago', 2143647),
(226, 'Lamborghini', 'Diablo', 283647),
(227, 'Lamborghini', 'Gallardo', 9223372054775807),
(228, 'Lamborghini', 'Murciélago', 214783647),
(229, 'Lamborghini', 'Gallardo', 923372054775807),
(230, 'Lamborghini', 'Diablo', 2147483647),
(231, 'Ferrari', 'Daytona', 92036854775807),
(232, 'Ferrari', '250 GTO', 214747),
(233, 'Ferrari', 'F430', 2147647),
(234, 'Ferrari', '275', 92854775807),
(235, 'Ferrari', 'F430', 92236854775807),
(236, 'Ferrari', 'F40', 2647),
(237, 'Ferrari', '250 GTO', 214747),
(238, 'Ferrari', 'Daytona', 922337275807),
(239, 'Ferrari', '275', 214647),
(240, 'Ferrari', '250 GTO', 2183647),
(241, 'Ferrari', 'F40', 214647),
(242, 'Ferrari', '250 GTO', 213647),
(243, 'Ferrari', 'F430', 214647),
(244, 'Ferrari', 'Daytona', 213647),
(245, 'Ferrari', 'F40', 21447),
(246, 'Ferrari', '250 GTO', 213647),
(247, 'Ferrari', '275', 2147647),
(248, 'Ferrari', 'Enzo', 2147483647),
(249, 'Ferrari', 'Daytona', 2147447),
(250, 'Alfa Romeo', 'Giulia', 214647),
(251, 'Alfa Romeo', 'Giulietta', 21474847),
(252, 'Alfa Romeo', 'AR51', 2147483647),
(253, 'Alfa Romeo', 'Alfetta', 92233720775807),
(254, 'Alfa Romeo', '75', 9223372775807),
(255, 'Alfa Romeo', 'AR51', 922337275807),
(256, 'Alfa Romeo', '156', 92233720368547),
(257, 'Alfa Romeo', 'Giulietta', 922337203685807),
(258, 'Alfa Romeo', '164', 92233775807),
(259, 'Alfa Romeo', '75', 72036854775807),
(260, 'Alfa Romeo', 'Giulietta', 2036854775807),
(261, 'Alfa Romeo', '156', 92036854775807),
(262, 'Alfa Romeo', 'Giulietta', 2036854775807),
(263, 'Alfa Romeo', '75', 9775807),
(264, 'Peugeot', '206', 214647),
(265, 'Peugeot', '405', 92236854775807),
(266, 'Peugeot', '206', 2147483647),
(267, 'Peugeot', '405', 922854775807),
(268, 'Peugeot', '306', 2036854775807),
(269, 'Peugeot', '308', 775807),
(270, 'Peugeot', '407', 854775807),
(271, 'Peugeot', '306', 2147483647),
(272, 'Peugeot', '308', 854775807),
(273, 'Peugeot', '405', 9226854775807),
(274, 'Peugeot', '306', 21474647),
(275, 'Peugeot', '407', 922036854775807),
(276, 'Peugeot', '206', 21474647),
(277, 'Peugeot', '407', 9223372775807),
(278, 'Peugeot', '206', 922036854775807),
(279, 'Peugeot', '308', 23647),
(280, 'Peugeot', '405', 92036854775807),
(281, 'Peugeot', '306', 2147483647),
(282, 'Peugeot', '405', 92233854775807),
(283, 'Peugeot', '308', 2147483647),
(284, 'Peugeot', '206', 922775807),
(285, 'Peugeot', '206', 214748347),
(286, 'Citroen', 'Berlingo', 922354775807),
(287, 'Citroen', 'C1', 924775807),
(288, 'Citroen', 'Berlingo', 9223354775807),
(289, 'Citroen', 'C5', 922334775807),
(290, 'Citroen', 'C5', 213647),
(291, 'Citroen', 'C8', 2147447),
(292, 'Citroen', 'Elysée', 922354775807),
(293, 'Citroen', 'C1', 2147),
(294, 'Citroen', 'C4', 2147487),
(295, 'Citroen', 'C5', 922337204775807),
(296, 'Citroen', 'C1', 922337854775807),
(297, 'Citroen', 'C3', 214647),
(298, 'Citroen', 'C1', 2483647),
(299, 'Citroen', 'C4', 92236854775807),
(300, 'Citroen', 'C1', 922336854775807),
(301, 'Citroen', 'C5', 2147483647),
(302, 'Citroen', 'C3', 2147647),
(303, 'Citroen', 'C8', 92236854775807),
(304, 'Citroen', 'C1', 2147483647),
(305, 'Citroen', 'C3', 9223336854775807),
(306, 'Citroen', 'Elysée', 23336854775),
(307, 'Citroen', 'C1', 92236854775807),
(308, 'Citroen', 'C4', 213647),
(309, 'Citroen', 'C3', 2147647),
(310, 'Citroen', 'C1', 9223775807),
(311, 'Citroen', 'C5', 2183647),
(312, 'Citroen', 'C1', 9854775807),
(313, 'Citroen', 'C8', 83647),
(314, 'Seat', 'Toledo', 21483647),
(315, 'Seat', 'Mii', 214783647),
(316, 'Seat', 'Ibiza', 21647),
(317, 'Seat', 'Mii', 2147447),
(318, 'Seat', 'Ibiza', 213647),
(319, 'Seat', 'Mii', 21447),
(320, 'Seat', 'Toledo', 2147647),
(321, 'Seat', 'Toledo', 21473647),
(322, 'Seat', 'Ibiza', 92234775807),
(323, 'Seat', 'Mii', 936854775807),
(324, 'Seat', 'Toledo', 21447),
(325, 'Seat', 'Mii', 214747),
(326, 'Seat', 'Toledo', 2147647),
(327, 'Seat', 'Ibiza', 21474847),
(328, 'Seat', 'Toledo', 2147447),
(329, 'Seat', 'Mii', 92236854775807),
(330, 'Skoda', 'Citigo', 214647),
(331, 'Skoda', 'Rapid Spaceback', 685477580),
(332, 'Skoda', 'Citigo', 92233854775807),
(333, 'Skoda', 'Citigo', 2183647),
(334, 'Skoda', 'Citigo', 214747),
(335, 'Skoda', 'Fabia', 9223372036875807),
(336, 'Skoda', 'Citigo', 214647),
(337, 'Skoda', 'Fabia', 214747),
(338, 'Skoda', 'Rapid', 9223372775807),
(339, 'Skoda', 'Fabia', 214647),
(340, 'Skoda', 'Fabia', 922337203775807),
(341, 'Skoda', 'Rapid', 2147447),
(342, 'Skoda', 'Rapid Spaceback', 474),
(343, 'Skoda', 'Fabia', 92233720368807),
(344, 'Dacia', 'Logan', 9036854775807),
(345, 'Dacia', 'Sandero Stepway', 92233724775807),
(346, 'Dacia', 'Sandero', 2147647),
(347, 'Dacia', 'Dokker', 213647),
(348, 'Dacia', 'Sandero', 2143647),
(349, 'Dacia', 'Logan', 21474647),
(350, 'Dacia', 'Logan', 9275807),
(351, 'Dacia', 'Dokker', 2147647),
(352, 'Dacia', 'Sandero', 922337254775807),
(353, 'Dacia', 'Dokker', 2147447),
(354, 'Dacia', 'Logan', 922337203687),
(355, 'Dacia', 'Duster', 21447),
(356, 'Dacia', 'Sandero Stepway', 922337807),
(357, 'Dacia', 'Duster', 922375807),
(358, 'Dacia', 'Logan', 213647);

-- --------------------------------------------------------

--
-- Cấu trúc bảng cho bảng `carsup`
--

CREATE TABLE `carsup` (
  `id` int(11) NOT NULL,
  `cars_id` int(11) NOT NULL,
  `sups_id` int(11) NOT NULL,
  `price` double NOT NULL
) ENGINE=InnoDB DEFAULT CHARSET=utf8mb4 COLLATE=utf8mb4_unicode_ci;

--
-- Đang đổ dữ liệu cho bảng `carsup`
--

INSERT INTO `carsup` (`id`, `cars_id`, `sups_id`, `price`) VALUES
(1, 1, 17, 10029.9),
(2, 1, 7, 3139.9),
(3, 1, 26, 1009.9),
(4, 1, 21, 3009.9),
(5, 1, 25, 1309.9),
(6, 2, 13, 1000),
(7, 2, 12, 1449.9),
(8, 2, 21, 3009.9),
(9, 2, 15, 1409.9),
(10, 3, 12, 1449.9),
(11, 3, 2, 28),
(12, 3, 1, 1309.9),
(13, 4, 14, 344996.55),
(14, 4, 2, 28),
(15, 4, 21, 1002.9),
(16, 5, 13, 10013.4),
(17, 5, 14, 344996.55),
(18, 5, 18, 1005.5),
(19, 6, 28, 1009.9),
(20, 6, 18, 1005.5),
(21, 6, 17, 949.9),
(22, 7, 8, 1009.9),
(23, 7, 21, 449.4),
(24, 7, 27, 1079.9),
(25, 8, 8, 1009.9),
(26, 8, 7, 3139.9),
(27, 8, 13, 79.9),
(28, 9, 7, 3139.9),
(29, 9, 1, 1209.9),
(30, 10, 8, 21993.66),
(31, 10, 27, 399.9),
(32, 10, 27, 1069),
(33, 11, 13, 1000),
(34, 11, 8, 21993.66),
(35, 11, 19, 1009.9),
(36, 12, 2, 409),
(37, 12, 12, 1009.9),
(38, 12, 2, 159.9),
(39, 13, 14, 344996.55),
(40, 13, 4, 1006.6),
(41, 13, 7, 109.9),
(42, 13, 21, 1002.9),
(43, 13, 2, 159.9),
(44, 14, 15, 1449.9),
(45, 14, 25, 4449.9),
(46, 14, 28, 6009.9),
(47, 14, 27, 1079.9),
(48, 15, 8, 1009.9),
(49, 15, 25, 4449.9),
(50, 15, 13, 79.9),
(51, 16, 13, 79.9),
(52, 16, 3, 1509.9),
(53, 16, 1, 5409.9),
(54, 17, 20, 14003.4),
(55, 17, 8, 21993.66),
(56, 17, 15, 1002.5),
(57, 17, 13, 109.9),
(58, 18, 21, 40209.9),
(59, 18, 20, 1009.9),
(60, 18, 3, 1202.9),
(61, 18, 2, 159.9),
(62, 19, 25, 1009.1),
(63, 19, 9, 499.9),
(64, 19, 3, 1209.9),
(65, 19, 23, 109.9),
(66, 19, 2, 159.9),
(67, 20, 15, 1449.9),
(68, 20, 28, 6009.9),
(69, 20, 23, 109.9),
(70, 21, 25, 4449.9),
(71, 21, 20, 1009.8),
(72, 22, 25, 4449.9),
(73, 22, 13, 1049.9),
(74, 22, 13, 1209.9),
(75, 23, 20, 14003.4),
(76, 23, 27, 809.9),
(77, 23, 3, 452.9),
(78, 23, 13, 1209.9),
(79, 24, 20, 14003.4),
(80, 24, 15, 1002.5),
(81, 25, 15, 1002.5),
(82, 25, 29, 989.9),
(83, 25, 8, 9009.9),
(84, 25, 9, 1049.9),
(85, 26, 21, 40209.9),
(86, 26, 22, 119.9),
(87, 26, 9, 1049.9),
(88, 27, 11, 1009.8),
(89, 27, 15, 39.9),
(90, 28, 2, 11663.74),
(91, 28, 11, 1009.8),
(92, 28, 4, 1509.9),
(93, 29, 2, 11663.74),
(94, 29, 1, 449.9),
(95, 29, 23, 109.9),
(96, 30, 1, 449.9),
(97, 30, 20, 1009.8),
(98, 30, 10, 4),
(99, 31, 20, 1009.8),
(100, 31, 30, 4009.9),
(101, 31, 9, 1309.9),
(102, 32, 27, 809.9),
(103, 32, 7, 1009),
(104, 32, 30, 4009.9),
(105, 32, 29, 1099.9),
(106, 33, 27, 809.9),
(107, 33, 20, 679.9),
(108, 33, 15, 1409.9),
(109, 34, 27, 20198),
(110, 34, 10, 10509.9),
(111, 34, 15, 1409.9),
(112, 35, 27, 20198),
(113, 35, 22, 119.9),
(114, 35, 9, 1049.9),
(115, 36, 22, 119.9),
(116, 36, 16, 99.9),
(117, 36, 26, 1509.9),
(118, 37, 28, 1009.9),
(119, 37, 16, 99.9),
(120, 37, 16, 1409.9),
(121, 38, 2, 11663.74),
(122, 38, 28, 1009.9),
(123, 38, 28, 1234.9),
(124, 39, 1, 449.9),
(125, 39, 28, 1234.9),
(126, 39, 10, 4),
(127, 40, 3, 660297),
(128, 40, 10, 4),
(129, 40, 10, 2009.9),
(130, 40, 20, 1309.9),
(131, 41, 3, 660297),
(132, 41, 7, 1009),
(133, 41, 27, 399.9),
(134, 42, 7, 1009),
(135, 42, 6, 449.9),
(136, 42, 21, 3009.9),
(137, 43, 27, 20198),
(138, 43, 29, 229.9),
(139, 43, 6, 449.9),
(140, 43, 5, 1309.9),
(141, 44, 27, 20198),
(142, 44, 2, 28),
(143, 44, 21, 1002.9),
(144, 45, 12, 1209.9),
(145, 45, 21, 1002.9),
(146, 45, 16, 1409.9),
(147, 45, 11, 104.9),
(148, 46, 28, 1009.9),
(149, 46, 17, 949.9),
(150, 46, 16, 1409.9),
(151, 47, 8, 1009.9),
(152, 47, 28, 1234.9),
(153, 47, 17, 949.9),
(154, 47, 21, 449.4),
(155, 48, 8, 1009.9),
(156, 48, 23, 1209.9),
(157, 48, 6, 1209.9),
(158, 49, 3, 660297),
(159, 49, 23, 1209.9),
(160, 49, 27, 399.9),
(161, 49, 27, 1069),
(162, 50, 30, 103.4),
(163, 50, 29, 229.9),
(164, 50, 20, 1009.9),
(165, 50, 17, 1609.9),
(166, 50, 27, 1069),
(167, 51, 29, 229.9),
(168, 51, 2, 409),
(169, 52, 16, 10209.9),
(170, 52, 19, 29.3),
(171, 52, 23, 1409.9),
(172, 53, 4, 1006.6),
(173, 53, 11, 104.9),
(174, 54, 17, 949.9),
(175, 54, 28, 6009.9),
(176, 54, 27, 1079.9),
(177, 55, 4, 1009.9),
(178, 55, 23, 1209.9),
(179, 55, 15, 69.9),
(180, 55, 7, 439.9),
(181, 55, 27, 1079.9),
(182, 56, 20, 14003.4),
(183, 56, 23, 1209.9),
(184, 56, 3, 1509.9),
(185, 57, 30, 103.4),
(186, 57, 10, 799.9),
(187, 57, 12, 1069.9),
(188, 58, 30, 103.4),
(189, 58, 20, 1009.9),
(190, 58, 3, 1202.9),
(191, 59, 11, 1009.8),
(192, 59, 19, 3002.9),
(193, 59, 3, 1202.9),
(194, 59, 23, 149.9),
(195, 60, 16, 10209.9),
(196, 60, 4, 1006.6),
(197, 60, 9, 499.9),
(198, 61, 15, 1449.9),
(199, 61, 28, 6009.9),
(200, 62, 11, 4219.9),
(201, 62, 29, 1629.9),
(202, 63, 15, 69.9),
(203, 63, 30, 4009.9),
(204, 63, 3, 452.9),
(205, 64, 22, 10033.4),
(206, 64, 10, 799.9),
(207, 64, 17, 1034.3),
(208, 64, 5, 1409.9),
(209, 64, 3, 452.9),
(210, 65, 10, 799.9),
(211, 65, 29, 989.9),
(212, 65, 9, 1049.9),
(213, 66, 12, 30009.9),
(214, 66, 11, 1009.8),
(215, 66, 19, 449.3),
(216, 66, 9, 1049.9),
(217, 66, 23, 149.9),
(218, 67, 11, 1009.8),
(219, 67, 9, 499.9),
(220, 67, 4, 1509.9),
(221, 67, 23, 109.9),
(222, 68, 11, 119.9),
(223, 68, 1, 449.9),
(224, 68, 22, 1009.9),
(225, 68, 23, 109.9),
(226, 69, 11, 4219.9),
(227, 69, 30, 4009.9),
(228, 69, 29, 1099.9),
(229, 70, 28, 9999.9),
(230, 70, 6, 449.9),
(231, 70, 20, 1001.9),
(232, 70, 29, 1099.9),
(233, 71, 17, 1034.3),
(234, 71, 31, 889.9),
(235, 71, 10, 10509.9),
(236, 72, 12, 30009.9),
(237, 72, 23, 1239.9),
(238, 72, 31, 889.9),
(239, 72, 26, 1009.9),
(240, 73, 16, 99.9),
(241, 73, 16, 1409.9),
(242, 74, 2, 11663.74),
(243, 74, 23, 439.9),
(244, 74, 4, 1509.9),
(245, 74, 16, 1409.9),
(246, 74, 25, 1309.9),
(247, 75, 22, 1009.9),
(248, 75, 11, 9.9),
(249, 75, 10, 2009.9),
(250, 76, 3, 660297),
(251, 76, 10, 2009.9),
(252, 76, 31, 1069.9),
(253, 77, 28, 9999.9),
(254, 77, 24, 1009.2),
(255, 77, 6, 449.9),
(256, 77, 31, 1069.9),
(257, 78, 6, 449.9),
(258, 78, 26, 12009.9),
(259, 78, 5, 1309.9),
(260, 79, 13, 1009.9),
(261, 79, 19, 29.3),
(262, 79, 26, 12009.9),
(263, 80, 23, 1239.9),
(264, 80, 16, 99.9),
(265, 80, 12, 1209.9),
(266, 81, 28, 1009.9),
(267, 81, 16, 99.9),
(268, 81, 16, 1409.9),
(269, 82, 19, 15003.4),
(270, 82, 28, 1009.9),
(271, 82, 29, 2052.4),
(272, 83, 29, 2052.4),
(273, 83, 11, 9.9),
(274, 83, 7, 439.9),
(275, 84, 5, 19009.9),
(276, 84, 13, 409.9),
(277, 84, 12, 1009.9),
(278, 84, 6, 1209.9),
(279, 85, 24, 1009.2),
(280, 85, 13, 409.9),
(281, 85, 17, 1609.9),
(282, 86, 30, 103.4),
(283, 86, 31, 569.9),
(284, 86, 17, 1609.9),
(285, 86, 7, 2009.9),
(286, 87, 13, 1009.9),
(287, 87, 31, 569.9),
(288, 87, 19, 29.3),
(289, 88, 19, 29.3),
(290, 88, 12, 1209.9),
(291, 88, 23, 1409.9),
(292, 89, 4, 1006.6),
(293, 89, 12, 1209.9),
(294, 89, 11, 104.9),
(295, 90, 30, 1209.9),
(296, 90, 4, 1006.6),
(297, 90, 18, 829.9),
(298, 91, 29, 2052.4),
(299, 91, 18, 829.9),
(300, 91, 7, 439.9),
(301, 92, 4, 1009.9),
(302, 92, 5, 23319.9),
(303, 92, 7, 439.9),
(304, 92, 7, 1039.9),
(305, 93, 5, 23319.9),
(306, 93, 13, 409.9),
(307, 93, 5, 1409.9),
(308, 94, 31, 1003.4),
(309, 94, 6, 1009.9),
(310, 94, 13, 409.9),
(311, 94, 3, 1209.9),
(312, 94, 12, 1069.9),
(313, 95, 31, 569.9),
(314, 95, 6, 1009.9),
(315, 95, 19, 3002.9),
(316, 96, 19, 3002.9),
(317, 96, 23, 1409.9),
(318, 96, 23, 149.9),
(319, 97, 16, 10209.9),
(320, 97, 5, 1006.6),
(321, 97, 23, 1409.9),
(322, 97, 13, 1209.9),
(323, 98, 5, 1006.6),
(324, 98, 18, 829.9),
(325, 98, 30, 1409.9),
(326, 99, 11, 4219.9),
(327, 99, 18, 829.9),
(328, 99, 29, 1629.9),
(329, 100, 6, 1009.9),
(330, 100, 11, 4219.9),
(331, 100, 5, 49.9),
(332, 101, 5, 23319.9),
(333, 101, 5, 49.9),
(334, 101, 5, 1409.9),
(335, 102, 22, 10033.4),
(336, 102, 12, 80485.68),
(337, 102, 14, 1309.9),
(338, 103, 12, 80485.68),
(339, 103, 6, 1009.9),
(340, 103, 31, 889.9),
(341, 103, 19, 449.3),
(342, 104, 19, 3002.9),
(343, 104, 19, 449.3),
(344, 104, 23, 149.9),
(345, 105, 17, 10029.9),
(346, 105, 11, 1009.8),
(347, 105, 26, 1009.9),
(348, 105, 23, 149.9),
(349, 106, 11, 119.9),
(350, 106, 26, 1009.9),
(351, 106, 30, 1409.9),
(352, 106, 25, 1309.9),
(353, 107, 11, 119.9),
(354, 107, 15, 1409.9),
(355, 108, 12, 1449.9),
(356, 108, 5, 49.9),
(357, 108, 1, 1309.9),
(358, 109, 13, 10013.4),
(359, 109, 28, 9999.9),
(360, 109, 5, 49.9),
(361, 109, 20, 1001.9),
(362, 110, 13, 10013.4),
(363, 110, 18, 1005.5),
(364, 111, 12, 80485.68),
(365, 111, 18, 1005.5),
(366, 111, 31, 889.9),
(367, 111, 26, 1009.9),
(368, 112, 12, 30009.9),
(369, 112, 16, 99.9),
(370, 112, 19, 449.3),
(371, 112, 26, 1009.9),
(372, 113, 7, 3139.9),
(373, 113, 16, 99.9),
(374, 113, 1, 1209.9),
(375, 114, 23, 439.9),
(376, 114, 26, 1009.9),
(377, 114, 25, 1309.9),
(378, 115, 13, 1000),
(379, 115, 23, 439.9),
(380, 115, 19, 1009.9),
(381, 116, 19, 1009.9),
(382, 116, 1, 1309.9),
(383, 116, 12, 1009.9),
(384, 117, 14, 344996.55),
(385, 117, 1, 1309.9),
(386, 117, 21, 1002.9),
(387, 117, 31, 1069.9),
(388, 118, 14, 344996.55),
(389, 118, 7, 109.9),
(390, 119, 13, 1009.9),
(391, 119, 18, 1005.5),
(392, 119, 7, 109.9),
(393, 119, 26, 12009.9),
(394, 120, 13, 1009.9),
(395, 120, 26, 1009.9),
(396, 121, 8, 1009.9),
(397, 121, 23, 1239.9),
(398, 121, 13, 79.9),
(399, 121, 26, 1009.9),
(400, 122, 19, 15003.4),
(401, 122, 29, 2052.4),
(402, 122, 13, 79.9),
(403, 122, 1, 1209.9),
(404, 122, 1, 5409.9),
(405, 123, 8, 21993.66),
(406, 123, 29, 2052.4),
(407, 123, 13, 109.9),
(408, 124, 5, 19009.9),
(409, 124, 19, 1009.9),
(410, 124, 13, 109.9),
(411, 124, 12, 1009.9),
(412, 125, 5, 19009.9),
(413, 125, 25, 1009.1),
(414, 125, 2, 159.9),
(415, 126, 25, 1009.1),
(416, 126, 3, 1209.9),
(417, 127, 7, 109.9),
(418, 127, 3, 1209.9),
(419, 127, 26, 12009.9),
(420, 127, 7, 2009.9),
(421, 128, 13, 1009.9),
(422, 128, 25, 4449.9),
(423, 128, 19, 29.3),
(424, 128, 26, 12009.9),
(425, 129, 25, 4449.9),
(426, 129, 13, 1049.9),
(427, 129, 13, 1209.9),
(428, 130, 20, 14003.4),
(429, 130, 30, 1209.9),
(430, 130, 15, 1002.5),
(431, 130, 8, 9009.9),
(432, 130, 1, 5409.9),
(433, 130, 13, 1209.9),
(434, 131, 21, 40209.9),
(435, 131, 5, 23319.9),
(436, 131, 13, 109.9),
(437, 131, 8, 9009.9),
(438, 131, 7, 1039.9),
(439, 132, 21, 40209.9),
(440, 132, 25, 1009.1),
(441, 132, 15, 39.9),
(442, 133, 31, 1003.4),
(443, 133, 3, 1209.9),
(444, 133, 7, 2009.9),
(445, 134, 31, 569.9),
(446, 134, 20, 1009.8),
(447, 134, 19, 3002.9),
(448, 134, 7, 2009.9),
(449, 135, 13, 1049.9),
(450, 135, 9, 1309.9),
(451, 135, 13, 1209.9),
(452, 136, 27, 809.9),
(453, 136, 5, 1006.6),
(454, 136, 20, 679.9),
(455, 136, 15, 1409.9),
(456, 136, 13, 1209.9),
(457, 137, 6, 1009.9),
(458, 137, 8, 9009.9),
(459, 137, 15, 1409.9),
(460, 137, 9, 1049.9),
(461, 138, 22, 119.9),
(462, 138, 15, 39.9),
(463, 138, 26, 1509.9),
(464, 138, 14, 1309.9),
(465, 139, 31, 1003.4),
(466, 139, 12, 80485.68),
(467, 139, 6, 1009.9),
(468, 139, 14, 1309.9),
(469, 140, 1, 449.9),
(470, 140, 6, 1009.9),
(471, 140, 10, 4),
(472, 141, 17, 10029.9),
(473, 141, 10, 4),
(474, 141, 9, 1309.9),
(475, 141, 20, 1309.9),
(476, 142, 17, 10029.9),
(477, 142, 26, 1009.9),
(478, 143, 7, 1009),
(479, 143, 20, 679.9),
(480, 143, 21, 3009.9),
(481, 144, 12, 1449.9),
(482, 144, 20, 679.9),
(483, 144, 15, 1409.9),
(484, 145, 27, 20198),
(485, 145, 12, 1449.9),
(486, 145, 2, 28),
(487, 146, 13, 10013.4),
(488, 146, 2, 28),
(489, 146, 26, 1509.9),
(490, 146, 21, 1002.9),
(491, 147, 13, 10013.4),
(492, 147, 12, 80485.68),
(493, 147, 14, 1309.9),
(494, 148, 12, 80485.68),
(495, 148, 31, 889.9),
(496, 149, 8, 1009.9),
(497, 149, 28, 1234.9),
(498, 149, 31, 889.9),
(499, 149, 21, 449.4),
(500, 150, 8, 1009.9);

-- --------------------------------------------------------

--
-- Cấu trúc bảng cho bảng `customer`
--

CREATE TABLE `customer` (
  `id` int(11) NOT NULL,
  `name` varchar(255) NOT NULL,
  `birthday` date NOT NULL,
  `is_young_driver` tinyint(1) NOT NULL
) ENGINE=InnoDB DEFAULT CHARSET=utf8mb4 COLLATE=utf8mb4_unicode_ci;

--
-- Đang đổ dữ liệu cho bảng `customer`
--

INSERT INTO `customer` (`id`, `name`, `birthday`, `is_young_driver`) VALUES
(1, 'Emmitt Benally', '1993-11-20', 1),
(2, 'Natalie Poli', '1990-10-04', 0),
(3, 'Marcelle Griego', '1990-10-04', 1),
(4, 'Zada Attwood', '1982-10-01', 1),
(5, 'Hai Everton', '1985-10-01', 1),
(6, 'Lino Subia', '1985-12-21', 0),
(7, 'Rico Peer', '1984-10-01', 1),
(8, 'Teddy Hobby', '1975-10-01', 1),
(9, 'Johnette Derryberry', '1995-10-01', 1),
(10, 'Audrea Cardinal', '1976-10-01', 0),
(11, 'Francis Mckim', '1977-10-01', 1),
(12, 'Carole Witman', '1987-10-01', 0),
(13, 'Oren Perlman', '1988-10-01', 1),
(14, 'Brett Brickley', '1980-10-01', 1),
(15, 'Kristian Engberg', '1981-10-03', 0),
(16, 'Carri Knapik', '1972-02-02', 1),
(17, 'Rema Revelle', '1970-05-01', 1),
(18, 'Taina Achenbach', '1994-10-01', 0),
(19, 'Yvonne Mccalla', '1992-03-02', 1),
(20, 'Nisha Markwell', '1994-04-04', 0),
(21, 'Cinthia Lasala', '1992-11-01', 1),
(22, 'Daniele Zarate', '1995-10-05', 0),
(23, 'Faustina Burgher', '1994-06-01', 0),
(24, 'Jimmy Grossi', '1986-07-01', 1),
(25, 'Sylvie Mcelravy', '1983-10-01', 0),
(26, 'Hipolito Lamoreaux', '1982-08-01', 1),
(27, 'Garret Capron', '1975-07-01', 0),
(28, 'Donnetta Soliz', '1963-10-01', 1),
(29, 'Louann Holzworth', '1960-10-01', 0),
(30, 'Ann Mcenaney', '1992-03-02', 1);

-- --------------------------------------------------------

--
-- Cấu trúc bảng cho bảng `doctrine_migration_versions`
--

CREATE TABLE `doctrine_migration_versions` (
  `version` varchar(191) NOT NULL,
  `executed_at` datetime DEFAULT NULL,
  `execution_time` int(11) DEFAULT NULL
) ENGINE=InnoDB DEFAULT CHARSET=utf8 COLLATE=utf8_unicode_ci;

--
-- Đang đổ dữ liệu cho bảng `doctrine_migration_versions`
--

INSERT INTO `doctrine_migration_versions` (`version`, `executed_at`, `execution_time`) VALUES
('DoctrineMigrations\\Version20230204131217', '2023-02-04 14:14:46', 47),
('DoctrineMigrations\\Version20230206132517', '2023-02-06 14:25:40', 1118);

-- --------------------------------------------------------

--
-- Cấu trúc bảng cho bảng `messenger_messages`
--

CREATE TABLE `messenger_messages` (
  `id` bigint(20) NOT NULL,
  `body` longtext NOT NULL,
  `headers` longtext NOT NULL,
  `queue_name` varchar(190) NOT NULL,
  `created_at` datetime NOT NULL,
  `available_at` datetime NOT NULL,
  `delivered_at` datetime DEFAULT NULL
) ENGINE=InnoDB DEFAULT CHARSET=utf8mb4 COLLATE=utf8mb4_unicode_ci;

-- --------------------------------------------------------

--
-- Cấu trúc bảng cho bảng `sale`
--

CREATE TABLE `sale` (
  `id` int(11) NOT NULL,
  `discount` double DEFAULT NULL
) ENGINE=InnoDB DEFAULT CHARSET=utf8mb4 COLLATE=utf8mb4_unicode_ci;

-- --------------------------------------------------------

--
-- Cấu trúc bảng cho bảng `supplier`
--

CREATE TABLE `supplier` (
  `id` int(11) NOT NULL,
  `name` varchar(255) NOT NULL,
  `is_importer` tinyint(1) NOT NULL
) ENGINE=InnoDB DEFAULT CHARSET=utf8mb4 COLLATE=utf8mb4_unicode_ci;

--
-- Đang đổ dữ liệu cho bảng `supplier`
--

INSERT INTO `supplier` (`id`, `name`, `is_importer`) VALUES
(1, '3M Company', 1),
(2, 'Agway Inc.', 0),
(3, 'Anthem, Inc.', 1),
(4, 'Airgas, Inc.', 0),
(5, 'Atmel Corporation', 1),
(6, 'Big Lots, Inc.', 1),
(7, 'Caterpillar Inc.', 0),
(8, 'Casey\'s General Stores Inc.', 1),
(9, 'Cintas Corp.', 0),
(10, 'Chubb Corp', 1),
(11, 'Cintas Corp.', 0),
(12, 'CNF Inc.', 1),
(13, 'CMGI Inc.', 1),
(14, 'The Clorox Co.', 0),
(15, 'Danaher Corporation', 1),
(16, 'E.I. Du Pont de Nemours and Company', 0),
(17, 'E*Trade Group, Inc.', 1),
(18, 'Emcor Group Inc.', 1),
(19, 'GenCorp Inc.', 0),
(20, 'IDT Corporation', 1),
(21, 'Level 3 Communications Inc.', 0),
(22, 'Merck & Co., Inc.', 1),
(23, 'Nicor Inc', 0),
(24, 'Olin Corp.', 1),
(25, 'Paychex Inc', 1),
(26, 'Saks Inc', 0),
(27, 'Sunoco Inc.', 1),
(28, 'Textron Inc', 1),
(29, 'VF Corporation', 0),
(30, 'Wyeth', 1),
(31, 'Zale', 0);

--
-- Chỉ mục cho các bảng đã đổ
--

--
-- Chỉ mục cho bảng `car`
--
ALTER TABLE `car`
  ADD PRIMARY KEY (`id`);

--
-- Chỉ mục cho bảng `carsup`
--
ALTER TABLE `carsup`
  ADD PRIMARY KEY (`id`),
  ADD KEY `IDX_E3CC03B8702F506` (`cars_id`),
  ADD KEY `IDX_E3CC03B25B7A25` (`sups_id`);

--
-- Chỉ mục cho bảng `customer`
--
ALTER TABLE `customer`
  ADD PRIMARY KEY (`id`);

--
-- Chỉ mục cho bảng `doctrine_migration_versions`
--
ALTER TABLE `doctrine_migration_versions`
  ADD PRIMARY KEY (`version`);

--
-- Chỉ mục cho bảng `messenger_messages`
--
ALTER TABLE `messenger_messages`
  ADD PRIMARY KEY (`id`),
  ADD KEY `IDX_75EA56E0FB7336F0` (`queue_name`),
  ADD KEY `IDX_75EA56E0E3BD61CE` (`available_at`),
  ADD KEY `IDX_75EA56E016BA31DB` (`delivered_at`);

--
-- Chỉ mục cho bảng `sale`
--
ALTER TABLE `sale`
  ADD PRIMARY KEY (`id`);

--
-- Chỉ mục cho bảng `supplier`
--
ALTER TABLE `supplier`
  ADD PRIMARY KEY (`id`);

--
-- AUTO_INCREMENT cho các bảng đã đổ
--

--
-- AUTO_INCREMENT cho bảng `car`
--
ALTER TABLE `car`
  MODIFY `id` int(11) NOT NULL AUTO_INCREMENT, AUTO_INCREMENT=359;

--
-- AUTO_INCREMENT cho bảng `carsup`
--
ALTER TABLE `carsup`
  MODIFY `id` int(11) NOT NULL AUTO_INCREMENT, AUTO_INCREMENT=501;

--
-- AUTO_INCREMENT cho bảng `customer`
--
ALTER TABLE `customer`
  MODIFY `id` int(11) NOT NULL AUTO_INCREMENT, AUTO_INCREMENT=31;

--
-- AUTO_INCREMENT cho bảng `messenger_messages`
--
ALTER TABLE `messenger_messages`
  MODIFY `id` bigint(20) NOT NULL AUTO_INCREMENT;

--
-- AUTO_INCREMENT cho bảng `sale`
--
ALTER TABLE `sale`
  MODIFY `id` int(11) NOT NULL AUTO_INCREMENT;

--
-- AUTO_INCREMENT cho bảng `supplier`
--
ALTER TABLE `supplier`
  MODIFY `id` int(11) NOT NULL AUTO_INCREMENT, AUTO_INCREMENT=32;

--
-- Các ràng buộc cho các bảng đã đổ
--

--
-- Các ràng buộc cho bảng `carsup`
--
ALTER TABLE `carsup`
  ADD CONSTRAINT `FK_E3CC03B25B7A25` FOREIGN KEY (`sups_id`) REFERENCES `supplier` (`id`),
  ADD CONSTRAINT `FK_E3CC03B8702F506` FOREIGN KEY (`cars_id`) REFERENCES `car` (`id`);
COMMIT;

/*!40101 SET CHARACTER_SET_CLIENT=@OLD_CHARACTER_SET_CLIENT */;
/*!40101 SET CHARACTER_SET_RESULTS=@OLD_CHARACTER_SET_RESULTS */;
/*!40101 SET COLLATION_CONNECTION=@OLD_COLLATION_CONNECTION */;
